{"26405488_left": {"pose": [0.1113325872574514, 0.8207481722451926, 0.04550905451430457, -1.64633974845365, -0.17857016318886476, -2.937663676632542], "timestamp": 1673597556.0704472}, "26405488_right": {"pose": [-0.009417838799177, 0.7972668750161092, 0.0693151223699266, -1.6473025257925253, -0.18917295438381165, -2.942218897492042], "timestamp": 1673597557.3687217}, "19824535_left": {"pose": [-0.07859368538978466, 0.03530686255082498, 0.007093890437495174, -0.3148864950143664, 0.02017767124100245, -1.5610325668984713], "timestamp": 1674601421.9016457}, "19824535_right": {"pose": [-0.08055950942445197, -0.033071875094642614, 0.0133117965882843, -0.33265543888122706, 0.004276312612625288, -1.5553467862236083], "timestamp": 1674601423.3702745}, "29838012_left": {"pose": [0.04721754624329452, 0.3138493240468073, 0.12930140273691443, -1.603299805489304, 0.027920646198560828, -1.9479413358369488], "timestamp": 1674606084.0428867}, "29838012_right": {"pose": [0.004278778635276759, 0.1990334558857723, 0.1256016935688315, -1.599064725104137, 0.023213231682856383, -1.9453546353448385], "timestamp": 1674606085.6781986}, "23404442_left": {"pose": [0.14815138682962403, -0.7118137153373782, 0.4494775797311097, -1.8075935459214143, -0.0072583681432398794, -0.33547872599791073], "timestamp": 1674873249.4923093}, "23404442_right": {"pose": [0.26193769186365146, -0.7521866803264705, 0.4491649522759494, -1.8083120265354549, -0.006900394844280067, -0.3385415831157999], "timestamp": 1674873251.6452053}}