{"26405488_left": {"pose": [0.1113325872574514, 0.8207481722451926, 0.04550905451430457, -1.64633974845365, -0.17857016318886476, -2.937663676632542], "timestamp": 1673597556.0704472}, "26405488_right": {"pose": [-0.009417838799177, 0.7972668750161092, 0.0693151223699266, -1.6473025257925253, -0.18917295438381165, -2.942218897492042], "timestamp": 1673597557.3687217}, "19824535_left": {"pose": [-0.0717602304977194, 0.030249862259127624, 0.021643582113360413, -0.3201233045544541, 0.011538308060483393, -1.5542739683577995], "timestamp": 1677640305.563582}, "19824535_right": {"pose": [-0.07209363797258528, -0.03281813906864135, 0.017998755195879203, -0.32436696405490206, 0.009836032172402032, -1.5537792796597742], "timestamp": 1677640307.1347077}, "29838012_left": {"pose": [0.24750945185721085, 0.749069037030837, 0.4002090829733309, -1.8901996243211179, -0.03200371218984732, -2.6730604791272756], "timestamp": 1677639973.0383847}, "29838012_right": {"pose": [0.14178874633608207, 0.6957550390494411, 0.40623965099935117, -1.89013814661609, -0.0288811412611365, -2.676413057175882], "timestamp": 1677639975.0514278}, "23404442_left": {"pose": [0.14815138682962403, -0.7118137153373782, 0.4494775797311097, -1.8075935459214143, -0.0072583681432398794, -0.33547872599791073], "timestamp": 1674873249.4923093}, "23404442_right": {"pose": [0.26193769186365146, -0.7521866803264705, 0.4491649522759494, -1.8083120265354549, -0.006900394844280067, -0.3385415831157999], "timestamp": 1674873251.6452053}}