{"26405488_left": {"pose": [0.1113325872574514, 0.8207481722451926, 0.04550905451430457, -1.64633974845365, -0.17857016318886476, -2.937663676632542], "timestamp": 1673597556.0704472}, "26405488_right": {"pose": [-0.009417838799177, 0.7972668750161092, 0.0693151223699266, -1.6473025257925253, -0.18917295438381165, -2.942218897492042], "timestamp": 1673597557.3687217}, "19824535_left": {"pose": [-0.07644029919365344, 0.030293238150065273, 0.018996297994213096, -0.31034830037397393, 0.00470880867592105, -1.5584330652442997], "timestamp": 1673597736.751114}, "19824535_right": {"pose": [-0.07631106462316242, -0.032241761430372565, 0.015918002066974413, -0.3078921989918877, 0.008348472200572221, -1.5620989798882465], "timestamp": 1673597738.3406353}}