{"26405488_left": {"pose": [0.1113325872574514, 0.8207481722451926, 0.04550905451430457, -1.64633974845365, -0.17857016318886476, -2.937663676632542], "timestamp": 1673597556.0704472}, "26405488_right": {"pose": [-0.009417838799177, 0.7972668750161092, 0.0693151223699266, -1.6473025257925253, -0.18917295438381165, -2.942218897492042], "timestamp": 1673597557.3687217}, "19824535_left": {"pose": [-0.0717602304977194, 0.030249862259127624, 0.021643582113360413, -0.3201233045544541, 0.011538308060483393, -1.5542739683577995], "timestamp": 1677640305.563582}, "19824535_right": {"pose": [-0.07209363797258528, -0.03281813906864135, 0.017998755195879203, -0.32436696405490206, 0.009836032172402032, -1.5537792796597742], "timestamp": 1677640307.1347077}, "29838012_left": {"pose": [0.48053273182223366, 0.5299654036057586, 0.245660085619809, -1.7616685685460647, -0.062440740186523014, -2.8936810407747586], "timestamp": 1677644648.9452915}, "29838012_right": {"pose": [0.3641555537882152, 0.5006484976427618, 0.25361832494780456, -1.7581883435321213, -0.05917235893410688, -2.8914558088258975], "timestamp": 1677644651.0903218}, "23404442_left": {"pose": [0.27212356897748596, -0.5628994740676119, 0.578296048242444, -2.049162252569442, -0.008677350714102472, -0.4644689436266725], "timestamp": 1677645446.151356}, "23404442_right": {"pose": [0.38193119566889644, -0.6156794427147317, 0.5789577989139892, -2.048677647928307, -0.01110392356986023, -0.46396051060922266], "timestamp": 1677645447.989981}}