{"26405488_left": {"pose": [0.1113325872574514, 0.8207481722451926, 0.04550905451430457, -1.64633974845365, -0.17857016318886476, -2.937663676632542], "timestamp": 1673597556.0704472}, "26405488_right": {"pose": [-0.009417838799177, 0.7972668750161092, 0.0693151223699266, -1.6473025257925253, -0.18917295438381165, -2.942218897492042], "timestamp": 1673597557.3687217}, "19824535_left": {"pose": [-0.07509559595337556, 0.030095791472539962, 0.017793143401323736, -0.326950698093601, 0.009424180339632438, -1.5538999006657241], "timestamp": 1677631624.6447756}, "19824535_right": {"pose": [-0.07373954114859932, -0.033018628940732625, 0.017434454427060767, -0.32642603127548114, 0.010165075818021174, -1.554952153007515], "timestamp": 1677631626.2833035}, "29838012_left": {"pose": [0.24873526511772545, 0.7496288141419416, 0.3992019513976287, -1.8892629531520526, -0.03404422453294709, -2.67223373201103], "timestamp": 1677631435.7494738}, "29838012_right": {"pose": [0.1428468660595275, 0.6949632051886404, 0.40429658037044497, -1.888479040111863, -0.03245264239246315, -2.6733912921943412], "timestamp": 1677631438.6137593}, "23404442_left": {"pose": [0.14815138682962403, -0.7118137153373782, 0.4494775797311097, -1.8075935459214143, -0.0072583681432398794, -0.33547872599791073], "timestamp": 1674873249.4923093}, "23404442_right": {"pose": [0.26193769186365146, -0.7521866803264705, 0.4491649522759494, -1.8083120265354549, -0.006900394844280067, -0.3385415831157999], "timestamp": 1674873251.6452053}}