{"16522755_left": {"pose": [-0.07659833378241038, 0.017460086603177744, 0.03736403675636244, -0.39777771455482686, -0.030938962244017265, -1.558733139453685], "timestamp": 1701380969.2046056}, "16522755_right": {"pose": [-0.07360265731070399, -0.028590572289612787, 0.019173773102015304, -0.3315358818334437, -0.011759463057629871, -1.577458534036115], "timestamp": 1701380970.709722}, "29513368_left": {"pose": [0.3114013135444949, 0.6274106877370713, 0.47036751269021926, -1.981999645954299, 5.366674577755859e-05, -1.9541558396628897], "timestamp": 1701393065.8397477}, "29513368_right": {"pose": [0.2602524052885676, 0.5153286462788066, 0.4660047311899319, -1.9886813518106483, -0.0036834740392286403, -1.945785227854986], "timestamp": 1701393067.6299846}, "29431508_left": {"pose": [0.18145954376236434, -0.5678044694556154, 0.4578823427978904, -1.981888272380523, 0.0158067043271235, -0.9474631340808393], "timestamp": 1701393189.6227264}, "29431508_right": {"pose": [0.2537350589307857, -0.6646998024087066, 0.454859596682025, -1.9832133688538818, 0.019790683664547393, -0.94460981170279], "timestamp": 1701393191.5272226}}